{"inputUnits":[34],"outputUnits":2,"inputs":{"0":{"dtype":"number","min":119.5723643701828,"max":164.75739059745106},"1":{"dtype":"number","min":276.3359025294679,"max":313.12298310869863},"2":{"dtype":"number","min":122.79958702710816,"max":168.92084500205192},"3":{"dtype":"number","min":266.3698901462184,"max":303.00266963498603},"4":{"dtype":"number","min":112.97731688978143,"max":165.88188022954918},"5":{"dtype":"number","min":265.7356719376976,"max":304.5811990819553},"6":{"dtype":"number","min":138.33337449841926,"max":188.54848186329644},"7":{"dtype":"number","min":267.29387454021764,"max":295.8823474928563},"8":{"dtype":"number","min":113.47899618779638,"max":198.80920948221527},"9":{"dtype":"number","min":262.6223315524684,"max":303.025833308001},"10":{"dtype":"number","min":177.39708570190905,"max":193.22193902754134},"11":{"dtype":"number","min":305.08819461332683,"max":309.8897032978934},"12":{"dtype":"number","min":179.42080486609314,"max":234.61388999849905},"13":{"dtype":"number","min":295.02851553000363,"max":317.48821496035805},"14":{"dtype":"number","min":161.08164508982856,"max":195.2954695289701},"15":{"dtype":"number","min":382.1221211355484,"max":401.9545312428753},"16":{"dtype":"number","min":166.8975176978204,"max":249.12959829842535},"17":{"dtype":"number","min":371.9890063096577,"max":399.9466568765009},"18":{"dtype":"number","min":163.25343506809338,"max":183.89164431085845},"19":{"dtype":"number","min":448.1346373799246,"max":491.1021785513436},"20":{"dtype":"number","min":162.97779246526935,"max":228.2398957130046},"21":{"dtype":"number","min":416.17538630266597,"max":484.0568346550492},"22":{"dtype":"number","min":246.71131891035384,"max":314.5303065674778},"23":{"dtype":"number","min":344.63628271674366,"max":419.82758874559215},"24":{"dtype":"number","min":251.51301165035264,"max":302.38256788439327},"25":{"dtype":"number","min":355.09706964752553,"max":416.9192314890108},"26":{"dtype":"number","min":170.53827783013134,"max":377.3523578569583},"27":{"dtype":"number","min":350.60273522996715,"max":497.5544471592291},"28":{"dtype":"number","min":178.1338204112962,"max":379.5338196513254},"29":{"dtype":"number","min":357.26376084502107,"max":513.388784089441},"30":{"dtype":"number","min":171.03289414936467,"max":513.5350897525535},"31":{"dtype":"number","min":426.1585778856092,"max":546.8482157785141},"32":{"dtype":"number","min":172.02794887676313,"max":464.4918455131323},"33":{"dtype":"number","min":428.0432580138923,"max":548.973725315198}},"outputs":{"0":{"dtype":"string","min":0,"max":1,"uniqueValues":["a","b"],"legend":{"a":[1,0],"b":[0,1]}}},"isNormalized":true}