{"inputUnits":[34],"outputUnits":3,"inputs":{"0":{"dtype":"number","min":281.45018551600117,"max":419.66757807750184},"1":{"dtype":"number","min":71.73104015305813,"max":303.22602624559215},"2":{"dtype":"number","min":283.03695114670097,"max":425.34503625060796},"3":{"dtype":"number","min":62.18602399417861,"max":301.65796539662875},"4":{"dtype":"number","min":283.0535006986982,"max":420.3163806009849},"5":{"dtype":"number","min":62.54454497697287,"max":312.9646639694036},"6":{"dtype":"number","min":294.78383461325086,"max":419.1211721219905},"7":{"dtype":"number","min":62.82979052354389,"max":299.31786919382296},"8":{"dtype":"number","min":295.8416605552347,"max":405.1833043673623},"9":{"dtype":"number","min":67.82921579561346,"max":300.0735639876429},"10":{"dtype":"number","min":314.8118620994954,"max":424.9796612810068},"11":{"dtype":"number","min":103.14512616465527,"max":272.8894814814111},"12":{"dtype":"number","min":308.6499830906493,"max":457.51216072052836},"13":{"dtype":"number","min":99.37163119186224,"max":302.7659232885457},"14":{"dtype":"number","min":306.14593624604817,"max":411.78503370470577},"15":{"dtype":"number","min":60.084729621382536,"max":384.00033794952276},"16":{"dtype":"number","min":310.79139798531736,"max":439.1744980274008},"17":{"dtype":"number","min":51.459187904684455,"max":327.0068436559536},"18":{"dtype":"number","min":296.5126007911296,"max":431.44098719734166},"19":{"dtype":"number","min":12.086822866001953,"max":464.11966642980906},"20":{"dtype":"number","min":300.8047176613418,"max":405.5069521892859},"21":{"dtype":"number","min":7.8918243289457735,"max":460.0296364869589},"22":{"dtype":"number","min":311.3181307900277,"max":416.51200943883754},"23":{"dtype":"number","min":237.31653384197546,"max":292.6772821923638},"24":{"dtype":"number","min":322.7295168271788,"max":437.03441679245765},"25":{"dtype":"number","min":238.01827649662005,"max":314.4049523498298},"26":{"dtype":"number","min":323.26358810009197,"max":400.5651769378306},"27":{"dtype":"number","min":348.4755911622994,"max":412.32044501991123},"28":{"dtype":"number","min":328.13324508963854,"max":408.7068835306724},"29":{"dtype":"number","min":348.0537800473462,"max":413.2620536121413},"30":{"dtype":"number","min":316.8227092579645,"max":389.12947005334996},"31":{"dtype":"number","min":453.0109996276143,"max":529.523526796571},"32":{"dtype":"number","min":324.9282522238646,"max":403.40297001345147},"33":{"dtype":"number","min":450.7384862046298,"max":530.2328835572714}},"outputs":{"0":{"dtype":"string","min":0,"max":1,"uniqueValues":["a","b","c"],"legend":{"a":[1,0,0],"b":[0,1,0],"c":[0,0,1]}}},"isNormalized":true}